City_ID,City,Lat,Lng,Max Temp,Humidity,Cloudiness,Wind Speed,Country,Date
0,iqaluit,63.7506,-68.5145,-3.15,73,100,0.0,CA,1713929412
1,port-aux-francais,-49.35,70.2167,4.32,66,53,14.4,TF,1713929286
2,bethel,41.3712,-73.414,9.47,63,0,2.68,US,1713929470
3,tiksi,71.6872,128.8694,-10.0,80,98,3.75,RU,1713929295
4,aasiaat,68.7098,-52.8699,-4.43,99,86,3.0,GL,1713929471
5,cill airne,52.05,-9.5167,8.64,92,100,1.46,IE,1713929471
6,kirakira,-10.4544,161.9205,29.87,75,95,2.36,SB,1713929471
7,albany,42.6001,-73.9662,12.16,45,99,0.89,US,1713929471
8,talnakh,69.4865,88.3972,-11.0,79,34,1.23,RU,1713929472
9,bikenibeu village,1.3673,173.1241,31.98,74,20,4.63,KI,1713929472
10,kayangel,8.0823,134.7173,28.95,78,97,6.07,PW,1713929472
11,bilibino,68.0546,166.4372,-12.1,76,78,1.84,RU,1713929472
12,la'ie,21.6477,-157.9253,27.98,78,3,4.02,US,1713929472
13,san antonio de pale,-1.4014,5.6325,28.43,76,100,3.52,GQ,1713928696
14,axim,4.8699,-2.2405,26.7,87,100,2.27,GH,1713929473
15,nahrin,36.0649,69.1334,20.98,37,1,0.93,AF,1713929473
16,erenhot,43.6475,111.9767,22.83,11,3,13.15,CN,1713929473
17,escarcega,18.6089,-90.7454,24.87,71,4,1.84,MX,1713929474
18,enewetak,11.3474,162.3373,27.64,82,100,7.79,MH,1713929474
19,utrik,11.2278,169.8474,27.31,84,96,8.18,MH,1713929474
20,puerto ayora,-0.7393,-90.3518,24.75,97,83,3.2,EC,1713929474
21,stanley,54.868,-1.6985,3.62,79,75,4.12,GB,1713929304
22,vilhena,-12.7406,-60.1458,21.33,96,5,1.16,BR,1713929475
23,vorgashor,67.5833,63.95,-17.33,93,19,1.81,RU,1713929475
24,west island,-12.1568,96.8225,28.99,79,40,6.69,CC,1713929475
25,aswan,24.0934,32.907,26.56,25,63,3.75,EG,1713929015
26,ilulissat,69.2167,-51.1,9.01,46,53,6.69,GL,1713929475
27,puerto penasco,31.3167,-113.5333,22.82,62,0,8.16,MX,1713929476
28,metu,8.3,35.5833,16.24,70,95,1.46,ET,1713929476
29,ribeira grande,38.5167,-28.7,15.43,81,100,7.6,PT,1713929417
30,castelldefels,41.2779,1.9703,10.73,83,0,2.57,ES,1713929476
31,geraldton,-28.7667,114.6,26.23,29,98,12.35,AU,1713929193
32,iskateley,67.6803,53.1512,-13.32,84,11,3.58,RU,1713929246
33,saudarkrokur,65.7461,-19.6394,3.27,65,31,4.13,IS,1713929477
34,codrington,-38.2667,141.9667,13.47,56,82,7.08,AU,1713929477
35,villa gesell,-37.2639,-56.973,11.34,60,1,9.03,AR,1713929477
36,waitangi,-43.9535,-176.5597,15.46,83,12,5.81,NZ,1713929417
37,tarumizu,31.4833,130.7,22.64,82,100,4.13,JP,1713929478
38,papatowai,-46.5619,169.4708,16.67,65,100,1.59,NZ,1713929304
39,udachny,66.4167,112.4,-4.75,95,97,10.21,RU,1713929418
40,keflavik,64.0049,-22.5624,7.24,100,100,1.54,IS,1713929478
41,kodiak,57.79,-152.4072,5.73,87,100,6.17,US,1713929479
42,hailar,49.2,119.7,11.74,37,84,5.21,CN,1713929479
43,thompson,55.7435,-97.8558,-1.91,37,20,1.54,CA,1713929479
44,general villegas,-35.0328,-63.0125,9.17,61,4,1.04,AR,1713929227
45,adamstown,-25.066,-130.1015,23.02,85,100,9.97,PN,1713929286
46,ushuaia,-54.8,-68.3,5.81,81,20,1.54,AR,1713929342
47,malinyi,-8.9333,36.1333,21.7,99,100,0.69,TZ,1713929480
48,badger,64.8,-147.5333,13.14,35,75,0.0,US,1713929480
49,beyneu,45.3167,55.2,20.35,44,1,9.32,KZ,1713929481
50,st. john's,47.5649,-52.7093,0.66,81,75,0.0,CA,1713929482
51,lemvig,56.5486,8.3102,4.52,91,80,8.14,DK,1713929482
52,nova sintra,14.8667,-24.7167,22.94,73,43,3.92,CV,1713929483
53,harper,4.375,-7.7169,26.9,85,91,1.43,LR,1713929483
54,nacala,-14.5428,40.6728,24.03,88,99,3.39,MZ,1713929283
55,walvis bay,-22.9575,14.5053,15.16,87,1,1.35,NA,1713929483
56,lautoka,-17.6167,177.4667,30.92,70,40,5.14,FJ,1713929483
57,waddan,29.1614,16.139,14.65,56,66,1.76,LY,1713929484
58,pathein,16.7833,94.7333,36.82,37,8,4.4,MM,1713929484
59,dudinka,69.4058,86.1778,-10.74,87,53,6.26,RU,1713929302
60,new norfolk,-42.7826,147.0587,14.72,57,29,4.69,AU,1713929484
61,yellowknife,62.456,-114.3525,-0.33,92,75,1.54,CA,1713929485
62,nemuro,43.3236,145.575,5.16,87,100,5.97,JP,1713929485
63,ponta delgada,37.7333,-25.6667,18.44,88,75,5.66,PT,1713928910
64,klyuchi,52.2667,79.1667,1.75,52,18,6.48,RU,1713929300
65,krizevci,46.0219,16.5425,5.77,95,100,3.74,HR,1713929485
66,aromashevo,56.8602,68.6375,-2.17,44,6,4.81,RU,1713929486
67,ivdel',60.6911,60.4206,-3.78,70,100,3.13,RU,1713929276
68,hermanus,-34.4187,19.2345,14.33,93,99,1.14,ZA,1713929486
69,palikir - national government center,6.9248,158.1611,29.47,84,100,3.09,FM,1713928890
70,pimentel,-6.8367,-79.9342,21.16,83,0,9.26,PE,1713929486
71,port augusta,-32.5,137.7667,18.01,36,62,7.81,AU,1713929487
72,miass,55.045,60.1083,2.44,85,98,3.58,RU,1713929487
73,chonchi,-42.6128,-73.8092,9.51,93,100,2.86,CL,1713929301
74,kokemaki,61.2565,22.3564,-2.12,92,99,3.64,FI,1713929487
75,blackmans bay,-43.0167,147.3167,14.07,57,23,1.79,AU,1713929487
76,ola,59.5833,151.2833,0.08,94,100,4.05,RU,1713929488
77,fortuna,40.5982,-124.1573,12.74,86,100,2.57,US,1713929488
78,mejit,10.2753,170.8646,27.37,85,84,9.15,MH,1713929488
79,ingelfingen,49.301,9.6512,2.19,85,26,2.54,DE,1713929488
80,port mathurin,-19.6833,63.4167,26.89,77,98,7.17,MU,1713929287
81,puri,19.8,85.85,34.6,66,3,6.18,IN,1713929489
82,carloforte,39.145,8.3058,12.44,59,46,12.09,IT,1713929489
83,tarakan,3.3,117.6333,27.72,89,75,3.6,ID,1713929218
84,saurimo,-9.6608,20.3916,17.98,93,100,1.78,AO,1713929491
85,port elizabeth,-33.918,25.5701,17.16,94,100,1.03,ZA,1713929291
86,nabire,-3.3667,135.4833,30.37,70,62,2.52,ID,1713929491
87,isafjordur,66.0755,-23.124,3.25,84,79,1.07,IS,1713929229
88,es castell,39.8795,4.2854,8.38,66,0,3.6,ES,1713929491
89,edinburgh of the seven seas,-37.0676,-12.3116,15.22,74,68,3.08,SH,1713929492
90,ochakiv,46.6128,31.5498,11.6,91,100,10.02,UA,1713929492
91,fale old settlement,-9.3852,-171.2468,29.84,75,12,3.63,TK,1713929492
92,alto barinas,8.5931,-70.2261,26.3,68,36,1.6,VE,1713929492
93,yerofey pavlovich,53.9667,121.9667,10.69,54,95,0.76,RU,1713929493
94,capayan,-28.761,-66.0502,17.67,87,100,1.45,AR,1713929493
95,vershino-darasunskiy,52.35,115.5167,6.53,23,53,5.24,RU,1713929493
96,coyah,9.75,-13.4167,26.53,74,16,1.55,GN,1713929495
97,rongelap,11.1635,166.8941,27.27,85,100,8.63,MH,1713929495
98,darmanesti,46.3667,26.4833,7.9,98,100,0.92,RO,1713929496
99,volodarskiy,46.4013,48.5409,11.97,48,25,4.03,RU,1713929496
100,park forest village,40.8067,-77.9169,13.2,57,0,0.0,US,1713929496
101,whitefish,48.4111,-114.3376,10.86,47,0,1.54,US,1713929496
102,kuanda,56.3161,116.0806,5.87,51,78,1.8,RU,1713929497
103,nadezhda,44.1,44.6,15.43,51,52,1.33,RU,1713929497
104,noumea,-22.2763,166.4572,26.99,99,59,4.59,NC,1713928960
105,laojunmiao,39.8333,97.7333,17.37,11,0,6.1,CN,1713929501
106,qaqortoq,60.7167,-46.0333,-0.39,98,100,3.12,GL,1713929501
107,constantia,44.1833,28.65,12.61,91,100,5.72,RO,1713929223
108,ayorou,14.7308,0.9174,32.48,30,30,3.73,NE,1713929231
109,nuuk,64.1835,-51.7216,3.34,87,100,4.12,GL,1713929502
110,puerto natales,-51.7236,-72.4875,4.0,88,100,2.68,CL,1713929430
111,severo-yeniseyskiy,60.3725,93.0408,-2.46,91,100,3.58,RU,1713929503
112,tanabe,33.7333,135.3667,23.56,64,75,4.12,JP,1713929503
113,cold springs,39.6802,-119.9766,15.71,62,75,6.71,US,1713929503
114,cooper's town,26.8667,-77.5167,21.0,60,65,5.29,BS,1713929504
115,lazaro cardenas,17.9583,-102.2,24.33,72,97,0.33,MX,1713929505
116,egilsstadir,65.2653,-14.3948,-2.05,100,0,2.57,IS,1713929505
117,carnarvon,-24.8667,113.6333,29.87,32,0,7.22,AU,1713929505
118,turkmenbasy,40.0222,52.9552,15.43,72,0,4.12,TM,1713929505
119,jiujiang,29.7333,115.9833,24.22,57,100,3.29,CN,1713929506
120,kavaratti,10.5669,72.642,29.69,67,100,2.35,IN,1713929506
121,shilovo,54.3204,40.874,7.22,78,7,1.91,RU,1713929506
122,kiunga,-6.1219,141.2906,32.91,62,96,1.03,PG,1713929506
123,markovo,57.3206,107.0881,1.24,77,100,3.47,RU,1713929506
124,hamilton,39.1834,-84.5333,13.21,92,100,3.09,US,1713929507
125,thames,-37.1333,175.5333,18.87,50,0,2.5,NZ,1713929507
126,atafu village,-8.5421,-172.5159,29.92,73,11,3.45,TK,1713929507
127,avarua,-21.2078,-159.775,27.03,61,67,3.6,CK,1713929291
128,ambovombe,-25.1667,46.0833,21.23,92,56,3.53,MG,1713929380
129,ankazoabo,-22.2833,44.5167,19.95,57,0,2.03,MG,1713929509
130,merizo village,13.2658,144.6691,28.32,91,82,6.57,GU,1713929509
131,pandan,14.0453,124.1694,30.67,68,25,2.93,PH,1713929509
132,wailua homesteads,22.0669,-159.378,27.24,81,40,9.26,US,1713929419
133,ouadda,8.0777,22.4007,21.1,60,96,0.72,CF,1713929509
134,pemba,-12.974,40.5178,25.12,87,100,6.51,MZ,1713929510
135,college,64.8569,-147.8028,13.18,38,75,0.89,US,1713929298
136,pariaman,-0.619,100.12,31.03,66,91,1.27,ID,1713929239
137,pisco,-13.7,-76.2167,20.57,88,0,4.63,PE,1713929511
138,hacienda huancane,-15.8222,-70.8856,5.32,68,42,0.91,PE,1713929512
139,grytviken,-54.2811,-36.5092,-2.11,74,49,12.97,GS,1713929513
140,taungdwingyi,20.0167,95.55,37.71,34,0,5.24,MM,1713929514
141,xilin hot,43.9667,116.0333,21.1,12,6,9.39,CN,1713929514
142,cayeli,41.0923,40.7292,20.91,52,76,2.57,TR,1713929515
143,tazovsky,67.4667,78.7,-9.68,89,73,5.5,RU,1713929515
144,bredasdorp,-34.5322,20.0403,15.08,96,100,0.88,ZA,1713929515
145,invercargill,-46.4,168.35,18.9,56,100,5.36,NZ,1713929290
146,lompoc,34.6391,-120.4579,13.34,75,0,2.57,US,1713929516
147,baturaja,-4.1333,104.1667,25.62,90,100,0.41,ID,1713929517
148,georgetown,5.4112,100.3354,31.64,75,40,3.09,MY,1713929292
149,damghan,36.1683,54.348,12.16,57,100,8.54,IR,1713929518
150,floresville,29.1336,-98.1561,23.03,88,82,5.76,US,1713929346
151,sinabang,2.4803,96.3801,30.63,68,98,1.62,ID,1713929518
152,rouyn-noranda,48.2398,-79.0288,-4.95,80,100,6.17,CA,1713929272
153,bandar-e anzali,37.4727,49.4622,15.06,66,85,1.09,IR,1713929519
154,al ghayzah,16.2079,52.176,28.64,63,1,1.47,YE,1713929519
155,kalabo,-14.97,22.6814,15.07,37,71,2.19,ZM,1713929519
156,howrah,22.5892,88.3103,33.0,52,20,2.57,IN,1713929519
157,vila franca do campo,37.7167,-25.4333,15.23,85,78,4.32,PT,1713929520
158,bodaybo,57.8506,114.1933,3.72,85,100,1.43,RU,1713929267
159,torata,-17.0769,-70.8433,17.19,71,75,0.91,PE,1713929520
160,afaahiti,-17.75,-149.2833,27.93,79,39,4.63,PF,1713929520
161,inari,68.906,27.0288,1.11,98,100,2.79,FI,1713929521
162,shalqar,47.8333,59.6,21.33,35,58,0.88,KZ,1713929521
163,imbituba,-28.24,-48.6703,24.92,90,72,1.96,BR,1713929521
164,n'zeto,-7.2312,12.8666,25.19,87,100,2.06,AO,1713929521
165,teknaf,20.8624,92.3058,31.86,59,0,2.94,BD,1713929521
166,flin flon,54.7682,-101.865,0.76,85,8,3.67,CA,1713929522
167,patacamaya,-17.2333,-67.9167,9.55,83,73,3.37,BO,1713929522
168,andalgala,-27.5819,-66.3165,16.62,85,39,1.9,AR,1713929522
169,los osos,35.3111,-120.8324,12.97,77,6,2.25,US,1713929522
170,port alfred,-33.5906,26.891,20.01,89,98,3.37,ZA,1713929296
171,tadine,-21.55,167.8833,27.5,77,59,4.71,NC,1713929227
172,murun-kuren,49.6342,100.1625,3.1,20,2,7.77,MN,1713929523
173,nar'yan-mar,67.6713,53.087,-13.27,84,12,3.58,RU,1713929523
174,dunedin,-45.8742,170.5036,14.33,77,100,1.34,NZ,1713929473
175,hasaki,35.7333,140.8333,17.38,72,100,4.65,JP,1713929235
176,bonthe,7.5264,-12.505,26.42,83,20,1.55,SL,1713929524
177,jamestown,42.097,-79.2353,9.77,97,100,2.06,US,1713929387
178,kupang,-10.1667,123.5833,34.32,55,20,4.12,ID,1713929524
179,usogorsk,63.4106,48.6872,0.37,96,100,6.14,RU,1713929524
180,hithadhoo,-0.6,73.0833,28.95,76,78,4.54,MV,1713929290
181,cabo san lucas,22.8909,-109.9124,25.17,63,20,2.06,MX,1713929278
182,timbuktu,16.7735,-3.0074,32.09,12,74,3.81,ML,1713929525
183,san patricio,28.017,-97.5169,23.97,86,81,6.43,US,1713929525
184,tianshui,34.5439,105.6897,18.81,41,100,4.8,CN,1713929525
185,ulladulla,-35.35,150.4667,24.32,52,37,7.16,AU,1713929526
186,santa isabel,-23.3156,-46.2214,18.61,85,11,1.09,BR,1713929526
187,luganville,-15.5333,167.1667,29.64,79,91,2.06,VU,1713929526
188,port pirie,-33.1833,138.0167,19.14,31,21,5.22,AU,1713929526
189,nafada,11.0956,11.3327,30.71,35,34,2.73,NG,1713929527
190,kristiansund,63.1115,7.732,3.36,65,100,3.09,NO,1713929527
191,dawei,14.0833,98.2,33.78,50,81,3.89,MM,1713929527
192,tolanaro,-25.0319,46.9987,23.04,88,75,3.09,MG,1713929527
193,lorengau,-2.0226,147.2712,29.48,74,29,2.55,PG,1713929527
194,praia da vitoria,38.7333,-27.0667,16.14,82,75,5.48,PT,1713929528
195,margaret river,-33.95,115.0667,19.8,36,9,4.66,AU,1713929528
196,saint-philippe,-21.3585,55.7679,23.77,82,30,3.95,RE,1713929528
197,idfu,24.9803,32.8747,27.11,18,0,2.2,EG,1713929529
198,coreau,-3.5333,-40.6567,23.42,96,93,0.65,BR,1713929529
199,rio grande,-32.035,-52.0986,20.53,89,93,5.4,BR,1713929529
200,svislach,53.6404,27.9199,2.14,89,100,3.77,BY,1713929529
201,kenora,49.8167,-94.4337,2.54,30,0,2.57,CA,1713929530
202,olonkinbyen,70.9221,-8.7187,-1.52,69,1,2.54,SJ,1713929530
203,ancud,-41.8697,-73.8203,9.63,84,100,3.47,CL,1713929530
204,ulanhot,46.0833,122.0833,19.89,24,0,4.88,CN,1713929530
205,vrangel',42.7297,133.0839,7.73,89,100,7.77,RU,1713929530
206,turkestan,43.3333,68.25,23.92,39,0,4.85,KZ,1713929531
207,olyokminsk,60.3736,120.4264,2.63,92,100,3.59,RU,1713929531
208,nizao,18.25,-70.2,25.82,84,81,5.81,DO,1713929531
209,saint-louis,16.3333,-15.0,22.8,47,2,4.6,SN,1713929532
210,aykhal,66.0,111.5,-5.81,89,100,8.22,RU,1713929532
211,nouadhibou,20.931,-17.0347,17.99,88,75,6.69,MR,1713929357
212,hotan,37.0997,79.9269,23.71,16,92,6.98,CN,1713929532
213,prince rupert,54.3161,-130.3201,6.83,82,100,9.77,CA,1713929533
214,kununurra,-15.7667,128.7333,32.99,40,56,4.63,AU,1713929460
215,susuman,62.7833,148.1667,-1.68,85,100,1.79,RU,1713929533
216,arkhangel'sk,64.5401,40.5433,2.29,80,100,4.0,RU,1713929533
217,huaicheng,23.9051,112.1931,24.64,72,100,0.13,CN,1713929533
218,xiahu,26.6106,119.9483,18.85,90,100,2.21,CN,1713929534
219,kabansk,52.0486,106.6528,4.16,49,100,2.37,RU,1713929534
220,kourou,5.1552,-52.6478,26.03,73,98,3.31,GF,1713929534
221,okhotsk,59.3833,143.3,-0.46,89,89,1.03,RU,1713929446
222,aripuana,-9.1667,-60.6333,23.45,97,67,0.25,BR,1713929534
223,banda aceh,5.5577,95.3222,30.35,70,79,2.66,ID,1713929535
224,port lincoln,-34.7333,135.8667,14.98,53,93,6.09,AU,1713929535
225,lihue,21.9789,-159.3672,27.58,76,40,9.26,US,1713929535
226,boca do acre,-8.7522,-67.3978,23.39,99,13,1.04,BR,1713929535
227,palmer,42.1584,-72.3287,8.75,57,75,4.63,US,1713929536
228,uijeongbu-si,37.7415,127.0474,15.81,69,100,2.39,KR,1713929536
229,bich'vinta,43.1592,40.3378,17.32,59,66,3.89,GE,1713929536
230,guerrero negro,27.9769,-114.0611,15.74,77,89,6.78,MX,1713929536
231,anadyr,64.75,177.4833,-3.33,86,100,13.0,RU,1713929536
232,jiazi,22.8779,116.067,26.43,80,85,2.55,CN,1713929537
233,road town,18.4167,-64.6167,27.05,81,6,5.93,VG,1713929121
234,sosnogorsk,63.6023,53.8817,-3.59,82,99,4.47,RU,1713929537
235,salinopolis,-0.6136,-47.3561,26.59,88,97,3.65,BR,1713929537
236,bethanie,-26.4833,17.15,19.64,34,1,0.94,NA,1713929537
237,jiagedaqi,50.4167,124.1167,15.25,41,94,4.75,CN,1713929538
238,bardai,11.65,7.2333,27.98,45,100,2.77,NG,1713929538
239,ust-nera,64.5667,143.2,1.75,98,100,2.24,RU,1713929538
240,vilyuchinsk,52.9306,158.4028,14.15,50,2,6.1,RU,1713929538
241,vadso,70.0744,29.7487,1.09,86,100,4.63,NO,1713929268
242,west plains,36.7281,-91.8524,16.46,85,100,0.45,US,1713929539
243,amudalavalasa,18.4167,83.9,37.7,34,5,1.96,IN,1713929539
244,nichinan,31.6,131.3667,25.82,69,99,5.6,JP,1713929539
245,mili,6.0815,171.735,28.18,80,100,6.89,MH,1713929539
246,camarinas,43.1311,-9.1817,10.52,76,92,7.96,ES,1713929540
247,ritchie,-29.038,24.6028,11.56,33,62,0.04,ZA,1713929540
248,vorkuta,67.5,64.0,-17.16,93,16,1.79,RU,1713929540
249,whitby,54.4877,-0.615,5.17,79,100,5.36,GB,1713929484
250,meridian,43.6121,-116.3915,18.88,42,0,0.0,US,1713929540
251,maxixe,-23.8597,35.3472,20.86,91,10,1.17,MZ,1713929541
252,chibougamau,49.9168,-74.3659,-4.21,86,100,4.12,CA,1713929541
253,colonia,50.9333,6.95,5.53,83,20,3.09,DE,1713929541
254,preobrazheniye,42.9019,133.9064,6.92,91,100,8.19,RU,1713929541
255,mopti,14.6667,-4.0,31.75,17,14,1.41,ML,1713929542
256,prieska,-29.6641,22.7474,18.25,31,58,1.41,ZA,1713929542
257,nanyuki,0.0167,37.0728,15.66,91,44,2.51,KE,1713929542
258,conde,-7.2597,-34.9075,25.7,94,20,0.0,BR,1713929542
259,akobo,7.4344,3.9497,24.35,83,100,1.45,NG,1713929542
260,punta arenas,-53.15,-70.9167,8.06,71,100,6.17,CL,1713929263
261,bria,6.5423,21.9863,23.47,73,100,1.91,CF,1713929543
262,fraccionamiento ciudad olmeca,18.1518,-94.5523,25.78,85,6,3.49,MX,1713929543
263,kuvshinovo,57.0295,34.1725,1.05,74,22,1.79,RU,1713929544
264,saipan,15.1355,145.701,32.39,58,40,7.2,MP,1713929544
265,alofi,-19.0595,-169.9187,28.94,74,100,2.57,NU,1713929544
266,sebastopol,44.6,33.5333,18.89,34,100,0.45,UA,1713929532
267,balangir,20.7167,83.4833,36.3,27,20,3.84,IN,1713929544
268,mount isa,-20.7333,139.5,30.87,40,75,4.12,AU,1713929545
269,brigantine,39.4101,-74.3646,10.56,68,0,5.14,US,1713929545
270,hun,29.1268,15.9477,14.44,57,62,3.25,LY,1713929545
271,enriquillo,17.9,-71.2333,24.67,87,100,3.14,DO,1713929545
272,christchurch,-43.5333,172.6333,23.08,37,10,7.2,NZ,1713929381
273,khandyga,62.6667,135.6,5.66,90,100,2.8,RU,1713929546
274,victoria,22.2855,114.1577,27.92,88,100,0.45,HK,1713929305
275,corinto,37.9407,22.9573,16.8,87,100,3.16,GR,1713929547
276,whitehorse,60.7161,-135.0538,8.43,49,75,2.57,CA,1713929547
277,tindouf,27.6711,-8.1474,19.64,43,54,4.96,DZ,1713929547
278,la passe,45.5549,-0.8967,10.55,86,32,2.88,FR,1713929286
279,kulai,1.6561,103.6032,32.18,77,40,1.54,MY,1713929547
280,jinxiang,27.4327,120.6062,19.01,83,99,2.66,CN,1713929548
281,abu jibeha,11.4562,31.2285,28.15,9,48,3.07,SD,1713929548
282,douliu,23.7094,120.5433,23.03,76,93,4.21,TW,1713929548
283,wewak,-3.5534,143.6268,30.09,69,19,2.85,PG,1713929294
284,tamiahua,21.2667,-97.45,23.37,94,13,2.58,MX,1713929549
285,petropavlovsk-kamchatsky,53.0452,158.6483,13.33,19,0,8.0,RU,1713929549
286,nikol'sk,53.7189,46.0712,8.38,74,7,5.28,RU,1713929549
287,labytnangi,66.6572,66.4183,-12.01,88,71,1.01,RU,1713929309
288,insar,53.8653,44.3738,7.98,77,0,4.49,RU,1713929549
289,jayapura,-2.5333,140.7,33.66,69,24,2.7,ID,1713929550
290,westport,41.1415,-73.3579,9.92,65,0,4.47,US,1713929265
291,sisimiut,66.9395,-53.6735,0.38,94,99,3.08,GL,1713929420
292,motygino,58.1831,94.7592,-7.34,92,100,4.47,RU,1713929514
293,mount pearl,47.5166,-52.7813,0.19,82,75,0.0,CA,1713929551
294,suva,-18.1416,178.4415,30.71,74,75,3.09,FJ,1713929368
295,kerikeri,-35.2268,173.9474,18.93,59,2,3.26,NZ,1713929551
296,saldanha,-33.0117,17.9442,15.03,95,100,2.95,ZA,1713929265
297,bouna,9.2667,-3.0,26.54,69,91,3.19,CI,1713929551
298,hofbieber,50.5863,9.8353,2.32,97,60,2.43,DE,1713929552
299,vernon,50.2581,-119.2691,16.2,36,96,1.03,CA,1713929397
300,iyo,33.7514,132.7014,17.45,100,75,2.57,JP,1713929552
301,nyurba,63.2842,118.3319,-0.13,94,100,4.87,RU,1713929552
302,lubango,-14.9172,13.4925,16.58,55,90,1.51,AO,1713929552
303,longyearbyen,78.2186,15.6401,-5.09,80,0,3.6,SJ,1713929553
304,avila,40.5833,-5.0,0.92,92,26,1.59,ES,1713929553
305,langarud,37.197,50.1535,15.03,70,96,1.44,IR,1713929553
306,kill devil hills,36.0307,-75.676,14.01,60,0,7.72,US,1713929553
307,shimanovsk,52.0,127.7,11.86,58,79,3.85,RU,1713929554
308,hammerfest,70.6634,23.6821,-0.75,80,100,3.6,NO,1713929554
309,bikin,46.8161,134.26,16.16,37,100,5.4,RU,1713929554
310,reggane,26.7158,0.1714,24.91,17,51,4.4,DZ,1713929554
311,les cayes,18.2,-73.75,25.17,80,95,3.23,HT,1713929555
312,polyarnyy,69.1989,33.4478,1.41,98,92,3.43,RU,1713929555
313,tralee,52.2704,-9.7026,8.77,85,97,1.76,IE,1713929555
314,ceeldheer,3.8488,47.1806,28.94,73,38,2.18,SO,1713929555
315,east london,-33.0153,27.9116,18.52,94,0,1.54,ZA,1713929297
316,inza,53.8533,46.3586,8.97,73,9,4.7,RU,1713929556
317,paea,-17.6833,-149.5833,28.84,79,37,5.14,PF,1713929556
318,cody,44.5263,-109.0565,10.12,34,0,2.06,US,1713929556
319,gounou gaya,9.6294,15.5132,31.09,34,7,1.34,TD,1713929556
320,jining,35.405,116.5814,25.99,19,0,4.38,CN,1713929036
321,loreto,22.2667,-101.9667,19.65,17,73,3.48,MX,1713929557
322,kimbe,-5.5502,150.1429,29.9,76,99,2.19,PG,1713929557
323,lebu,-37.6167,-73.65,8.73,77,2,1.76,CL,1713929297
324,alice springs,-23.7,133.8833,22.75,46,39,7.2,AU,1713929557
325,margate,51.3813,1.3862,5.94,75,80,4.47,GB,1713929558
326,hawaiian paradise park,19.5933,-154.9731,24.37,83,100,6.69,US,1713929558
327,karacabey,40.2152,28.4038,13.21,62,82,1.15,TR,1713929558
328,petrovsk-zabaykal'skiy,51.273,108.843,6.61,22,100,3.57,RU,1713929558
329,brush,40.2589,-103.6238,14.62,62,100,5.14,US,1713929405
330,galliano,29.4422,-90.2992,19.0,82,0,0.0,US,1713929559
331,lincheng,19.9078,109.6858,30.4,67,94,2.47,CN,1713929559
332,molina,-35.1167,-71.2833,8.85,100,27,1.03,CL,1713929487
333,tsengel,49.4783,100.8894,3.12,18,0,8.29,MN,1713929559
334,sarai sidhu,30.5949,71.9698,32.72,19,0,0.13,PK,1713929560
335,ephraim,39.3597,-111.5863,16.81,35,37,2.92,US,1713929438
336,ambon,-3.6954,128.1814,31.08,74,40,2.06,ID,1713929560
337,popondetta,-8.7537,148.2534,30.85,67,100,1.76,PG,1713929560
338,cambria,35.5641,-121.0808,12.81,86,4,0.45,US,1713929539
339,sittwe,20.15,92.9,30.99,64,0,3.62,MM,1713929561
340,bilisht,40.6275,20.99,5.14,91,18,1.88,AL,1713929503
341,mar del plata,-38.0023,-57.5575,12.83,60,0,7.15,AR,1713929342
342,port macquarie,-31.4333,152.9167,26.61,50,100,2.7,AU,1713929561
343,port sudan,19.6175,37.2164,26.78,71,5,3.55,SD,1713929562
344,shar,49.5886,81.0453,7.61,30,80,4.77,KZ,1713929562
345,douentza,14.9951,-2.9517,30.8,32,4,1.24,ML,1713929562
346,pedregal,8.3667,-82.4333,28.05,78,20,1.54,PA,1713929562
347,alo,7.4178,6.7371,26.73,79,99,1.63,NG,1713929562
348,bangassou,4.7413,22.8184,23.6,86,95,2.7,CF,1713929563
349,harnai,30.1005,67.9374,26.35,19,0,0.78,PK,1713929563
350,grand falls-windsor,48.9332,-55.6649,1.39,75,100,0.45,CA,1713929524
351,lashio,22.9333,97.75,34.7,23,1,1.22,MM,1713929563
352,brisas de zicatela,15.8369,-97.0419,27.86,65,55,1.7,MX,1713929563
353,banposh,22.25,84.8,36.81,22,17,3.36,IN,1713929564
354,cafayate,-26.073,-65.9761,18.65,93,80,2.34,AR,1713929564
355,manzanares,38.9991,-3.3699,7.57,76,3,3.1,ES,1713929564
356,amuntai,-2.4177,115.2494,33.26,56,100,1.22,ID,1713929564
357,macapa,0.0389,-51.0664,26.99,89,20,2.57,BR,1713929309
358,loango,-4.6719,11.8312,25.81,100,20,2.06,CG,1713929565
359,george town,5.4112,100.3354,31.64,75,40,3.09,MY,1713929041
360,smara,26.7384,-11.6719,18.13,76,99,4.19,EH,1713929565
361,magistral'nyy,56.1725,107.4458,-0.91,89,100,3.86,RU,1713929565
362,coquimbo,-29.9533,-71.3436,13.85,100,100,0.51,CL,1713929338
363,kurchatov,51.6601,35.6521,4.23,82,86,3.95,RU,1713929566
364,acarau,-2.8856,-40.12,25.2,89,77,3.37,BR,1713929566
365,ta`u,-14.2336,-169.5144,28.78,70,17,3.57,AS,1713929566
366,camayenne,9.535,-13.6878,27.05,83,20,2.06,GN,1713929567
367,alice town,25.7167,-79.3,22.69,61,100,6.76,BS,1713929567
368,obo,5.3998,26.4869,21.95,83,83,2.65,CF,1713929567
369,gadzhiyevo,69.2551,33.3362,1.03,98,91,3.05,RU,1713929567
370,vila velha,-20.3297,-40.2925,23.97,96,40,1.54,BR,1713929166
371,yaren,-0.5472,166.916,29.23,75,83,4.24,NR,1713929568
372,yauya,-8.9833,-77.3,10.92,85,100,0.99,PE,1713929568
373,gisborne,-38.6533,178.0042,16.18,57,1,2.13,NZ,1713929568
374,tura,25.5198,90.2201,33.66,26,5,3.45,IN,1713929303
375,grand baie,-20.0182,57.5802,26.36,94,2,0.45,MU,1713929568
376,whistler,50.1164,-122.9695,11.66,80,97,1.87,CA,1713929433
377,itamaraca,-7.7478,-34.8256,29.03,85,86,2.22,BR,1713929569
378,argo,37.6333,22.7333,14.96,79,100,1.79,GR,1713929569
379,ngetkib,7.3645,134.5148,30.02,73,74,4.67,PW,1713929569
380,cariamanga,-4.3333,-79.55,11.42,97,100,0.69,EC,1713929570
381,rikaze,29.25,88.8833,9.65,17,7,2.75,CN,1713929570
382,kokoda,-8.8785,147.7407,29.98,77,99,2.52,PG,1713929570
383,namtsy,62.7161,129.6658,2.12,100,100,2.33,RU,1713929570
384,kalemie,-5.9475,29.1947,22.51,85,100,1.05,CD,1713929571
385,labrador city,52.9463,-66.9114,-1.57,67,100,3.13,CA,1713929412
386,pyu,18.4833,96.4333,37.9,37,10,4.39,MM,1713929571
387,mwene-ditu,-7.0,23.45,19.41,95,100,1.58,CD,1713929571
388,santa ana de yacuma,-13.75,-65.4333,26.11,82,67,1.6,BO,1713929571
389,uturoa,-16.7333,-151.4333,28.4,75,9,3.33,PF,1713929572
390,north bend,43.4065,-124.2243,11.26,82,75,4.12,US,1713929572
391,kuta,-8.7233,115.1723,30.0,84,20,6.26,ID,1713929572
392,tchintabaraden,15.8969,5.7985,29.4,14,14,2.57,NE,1713929572
393,daru,-9.0763,143.2092,28.21,87,96,4.88,PG,1713929573
394,toliara,-23.35,43.6667,21.2,80,1,3.68,MG,1713929573
395,la paz,-16.5,-68.15,10.88,75,58,2.57,BO,1713928903
396,cockburn town,21.4612,-71.1419,25.62,74,62,6.47,TC,1713929573
397,chu,43.5983,73.7614,20.55,48,20,4.98,KZ,1713929573
398,vrede,-27.4257,29.1659,11.59,54,19,1.17,ZA,1713929574
399,floro,61.5996,5.0328,3.98,65,75,5.14,NO,1713929574
400,bel ombre,-4.6167,55.4167,26.91,94,75,11.32,SC,1713929574
401,meulaboh,4.1363,96.1285,30.02,72,47,1.84,ID,1713929574
402,dhidhdhoo,6.8833,73.1,29.46,70,34,1.89,MV,1713929575
403,bubaque,11.2833,-15.8333,25.77,68,22,6.47,GW,1713929575
404,buka,40.8108,69.1986,25.4,34,41,2.25,UZ,1713929575
405,carutapera,-1.195,-46.02,25.14,94,38,1.81,BR,1713929575
406,remire-montjoly,4.9167,-52.2667,26.02,89,40,1.03,GF,1713929576
407,nolensville,35.9523,-86.6694,18.9,50,100,3.6,US,1713929576
408,kone,-21.0595,164.8658,27.23,75,91,3.58,NC,1713929576
409,greenville,35.6127,-77.3663,13.09,63,0,5.14,US,1713929388
410,morehead city,34.7229,-76.726,16.12,64,0,5.66,US,1713929577
411,igrim,63.1906,64.4162,-7.81,75,62,2.55,RU,1713929577
412,nova vicosa,-17.8919,-39.3719,24.06,88,1,1.42,BR,1713929577
413,kiruna,67.8557,20.2251,-6.49,93,100,2.06,SE,1713929577
414,umm kaddadah,13.6017,26.6876,24.6,9,12,5.19,SD,1713929578
415,kantagi,43.5264,68.5775,23.2,35,3,1.44,KZ,1713929578
416,ulsteinvik,62.3432,5.8487,5.42,71,100,1.34,NO,1713929578
417,murzuq,25.9155,13.9184,19.92,42,28,5.27,LY,1713929578
418,monrovia,6.3005,-10.7969,26.87,84,78,2.38,LR,1713929539
419,pemangkat,1.1667,108.9667,28.1,78,99,1.46,ID,1713929579
420,tarko-sale,64.9225,77.785,-8.96,88,68,6.31,RU,1713929579
421,fedorovskiy,45.0972,40.9517,14.09,69,81,4.64,RU,1713929579
422,xining,36.6167,101.7667,15.23,22,0,1.01,CN,1713929579
423,el vigia,8.6219,-71.6506,24.83,87,82,1.72,VE,1713929580
424,ketchikan,55.3422,-131.6461,8.26,66,40,3.6,US,1713929580
425,mexia,31.6799,-96.4822,21.06,85,100,2.68,US,1713929580
426,ustyuzhna,58.8394,36.4321,2.1,74,51,3.81,RU,1713929580
427,fort st. john,56.2499,-120.8529,11.94,28,75,3.09,CA,1713929580
428,luderitz,-26.6481,15.1594,15.47,84,11,5.91,NA,1713929581
429,prado,-17.3411,-39.2208,24.2,90,7,0.86,BR,1713929581
430,callao,-12.0667,-77.15,23.73,83,20,5.14,PE,1713929569
431,selfoss,63.9331,-20.9971,5.58,66,77,2.0,IS,1713929581
432,hobyo,5.3505,48.5268,29.45,73,65,2.96,SO,1713929581
433,kingaroy,-26.5333,151.8333,22.3,58,36,0.89,AU,1713929582
434,usinsk,65.9939,57.5281,-10.52,88,6,3.58,RU,1713929582
435,madras,13.0878,80.2785,31.12,77,20,4.12,IN,1713929434
436,gadani,25.1185,66.7299,27.12,76,68,4.63,PK,1713929583
437,burang,30.25,81.1667,0.48,39,7,2.63,CN,1713929583
438,ulety,51.3572,112.4849,8.45,18,56,6.31,RU,1713929584
439,dzuunharaa,48.8523,106.4579,7.04,45,100,2.84,MN,1713929584
440,paranaiba,-19.6772,-51.1908,21.48,64,5,0.83,BR,1713929558
441,la sarre,48.8002,-79.1996,-12.05,84,100,6.65,CA,1713929585
442,middelburg,-25.7751,29.4648,14.08,46,1,1.3,ZA,1713929585
443,eraan,9.0629,117.7016,34.28,56,42,3.51,PH,1713929585
444,kanash,55.5086,47.4956,8.59,79,100,6.56,RU,1713929585
445,boden,65.8252,21.6886,-2.0,97,100,3.92,SE,1713929586
446,natal,-5.795,-35.2094,27.12,89,40,2.06,BR,1713929208
447,motomachi,43.8228,144.1044,14.01,51,20,8.75,JP,1713929586
448,tangermunde,52.5446,11.9765,4.97,58,100,3.18,DE,1713929586
449,kogalym,62.2654,74.4791,-16.12,95,37,4.47,RU,1713929299
450,parun,35.4207,70.9221,3.49,56,8,2.19,AF,1713929587
451,grande prairie,55.1667,-118.8027,13.1,26,75,3.6,CA,1713929355
452,touros,-5.1989,-35.4608,26.32,84,100,3.83,BR,1713929587
453,kavieng,-2.5744,150.7967,29.62,70,25,1.49,PG,1713929587
454,boda,4.3189,17.4695,23.12,91,100,1.63,CF,1713929587
455,pacocha,-17.5833,-71.3333,20.5,87,98,1.7,PE,1713929588
456,kargasok,59.0556,80.8572,-6.69,78,98,5.36,RU,1713929588
457,gandarbal,34.2333,74.7833,15.92,63,49,2.52,IN,1713929588
458,porus,18.0354,-77.4117,21.75,90,21,2.31,JM,1713929588
459,kokopo,-4.352,152.2633,30.96,64,67,4.71,PG,1713929588
460,dellys,36.9172,3.9131,10.55,77,68,2.34,DZ,1713929589
461,richards bay,-28.783,32.0377,20.27,89,6,1.36,ZA,1713929589
462,puerto baquerizo moreno,-0.9,-89.6,23.96,88,80,3.58,EC,1713929406
463,menaka,15.9182,2.4022,31.72,22,21,4.21,ML,1713929589
464,posse,-14.0931,-46.3694,23.87,62,96,1.12,BR,1713929590
465,lexington,37.9887,-84.4777,14.8,79,100,3.09,US,1713929589
466,howard springs,-12.497,131.047,33.32,70,42,2.56,AU,1713929590
467,tirmiz,37.2242,67.2783,22.05,56,0,4.12,UZ,1713929590
468,ostersund,63.1792,14.6357,0.9,86,40,3.09,SE,1713929518
469,mari,-7.06,-35.3194,25.45,95,100,1.91,BR,1713929511
470,vilyuysk,63.7553,121.6247,0.56,100,100,1.79,RU,1713929591
471,el granada,37.5027,-122.4694,15.53,77,100,4.12,US,1713929591
472,forquilha,-3.7983,-40.2606,22.96,97,90,0.18,BR,1713929591
473,punta del este,-34.9667,-54.95,18.26,69,0,11.62,UY,1713929505
474,leava,-14.3,-178.1667,29.13,73,19,1.32,WF,1713929592
475,kalmunai,7.4167,81.8167,30.21,68,97,1.47,LK,1713929592
476,bakanas,44.8081,76.2772,19.92,18,90,3.65,KZ,1713929592
477,greymouth,-42.4667,171.2,13.94,84,98,0.73,NZ,1713929592
478,teguise,29.0605,-13.564,17.12,77,0,7.72,ES,1713929593
479,miri,4.4148,114.0089,31.08,74,40,2.57,MY,1713929593
480,eyl,7.9803,49.8164,28.94,75,85,1.6,SO,1713929593
481,narvik,68.4384,17.4272,-1.33,83,99,1.66,NO,1713929593
482,wajir,1.7471,40.0573,27.98,78,75,1.54,KE,1713929594
483,ciudad bolivar,8.1222,-63.5497,28.99,58,19,6.47,VE,1713929594
484,myitkyina,25.3833,97.4,37.21,26,1,0.78,MM,1713929594
485,davydovka,51.1578,39.4292,8.4,73,57,2.87,RU,1713929594
486,tromso,69.6496,18.957,-0.99,80,75,3.09,NO,1713929595
487,boke,10.9409,-14.2967,24.06,69,56,0.81,GN,1713929595
488,coahuayana de hidalgo,18.7,-103.6583,22.03,68,54,1.32,MX,1713929587
489,ghansor,22.65,79.95,34.54,17,0,2.66,IN,1713929595
490,malango,-2.9627,119.9001,26.03,86,84,1.78,ID,1713929595
491,fauske,67.2588,15.3918,2.1,91,100,1.89,NO,1713929596
492,funafuti,-8.5243,179.1942,33.0,70,40,5.14,TV,1713929596
493,porto velho,-8.7619,-63.9039,27.03,89,40,0.51,BR,1713929518
494,ascension,30.2169,-90.9001,18.37,83,0,0.0,US,1713929596
495,nadym,65.5333,72.5167,-12.8,94,78,5.36,RU,1713929437
496,koscierzyna,54.1223,17.9812,2.14,80,93,1.73,PL,1713929597
497,kalaleh,37.3807,55.4916,13.78,94,100,0.0,IR,1713929597
498,krasnogorskoye,52.2953,86.1979,0.61,68,100,4.42,RU,1713929597
499,bac lieu,9.285,105.7244,32.71,54,99,5.23,VN,1713929597
500,rabo de peixe,37.8,-25.5833,14.73,88,75,5.66,PT,1713929598
501,akjoujt,19.6969,-14.4164,24.79,27,0,3.25,MR,1713929598
502,kribi,2.95,9.9167,26.58,90,97,3.29,CM,1713929598
503,pasni,25.2631,63.471,26.32,79,0,3.42,PK,1713929599
504,porto novo,6.4965,2.6036,26.28,79,61,2.12,BJ,1713929591
505,north ferriby,53.7212,-0.5052,6.07,60,100,4.63,GB,1713929599
506,weiz,47.2167,15.6167,4.62,95,100,0.89,AT,1713929599
507,genhe,50.7833,121.5167,12.05,39,78,4.86,CN,1713929600
508,yulinshi,38.2906,109.7494,21.42,19,0,3.54,CN,1713929600
509,ndele,8.4109,20.6473,25.39,55,95,1.86,CF,1713929600
510,amahai,-3.3333,128.9167,29.62,70,78,3.47,ID,1713929600
511,ballina,-28.8667,153.5667,24.88,53,94,0.96,AU,1713929600
512,mersa matruh,31.3525,27.2453,25.11,33,0,6.17,EG,1713929601
513,souillac,-20.5167,57.5167,25.21,100,40,0.51,MU,1713929601
514,rakops,-21.0167,24.3333,19.56,23,0,2.61,BW,1713929601
515,north haven,41.3909,-72.8595,9.05,74,0,2.57,US,1713929395
516,dali,25.7,100.1833,23.99,30,10,4.36,CN,1713929601
517,castillos,-34.1667,-53.8333,11.84,86,0,2.93,UY,1713929553
518,constitucion,-35.3333,-72.4167,11.44,49,0,1.9,CL,1713929496
519,sitka,57.0531,-135.33,10.94,62,100,3.6,US,1713929600
520,frontera,26.9333,-101.45,25.5,69,2,1.34,MX,1713929602
521,fada,9.5667,8.3,24.14,63,67,0.03,NG,1713929602
522,newman,37.3138,-121.0208,18.13,67,64,4.47,US,1713929468
523,klaksvik,62.2266,-6.589,2.51,73,6,6.11,FO,1713929603
524,flying fish cove,-10.4217,105.6791,23.82,100,75,3.6,CX,1713929599
525,livingstonia,-10.606,34.1063,17.73,88,100,0.63,MW,1713929603
526,juegang,32.3174,121.1855,21.3,41,98,4.06,CN,1713929604
527,les coteaux,45.2834,-74.2325,13.89,75,100,4.12,CA,1713929604
528,queenstown,-31.8976,26.8753,11.91,75,77,1.04,ZA,1713929409
529,mzimba,-11.9,33.6,17.01,95,96,3.55,MW,1713929604
530,sakaiminato,35.55,133.2333,16.99,100,75,7.2,JP,1713929605
531,opuwo,-18.0607,13.84,19.22,25,4,2.96,NA,1713929605
532,sao jose da coroa grande,-8.8978,-35.1478,26.2,83,68,1.12,BR,1713929605
533,taoudenni,22.6783,-3.9836,28.36,15,21,3.73,ML,1713929605
534,tonacatepeque,13.7811,-89.1186,24.27,97,91,0.71,SV,1713929605
535,gorontalo,0.5412,123.0595,29.85,85,96,1.53,ID,1713929606
536,kilindoni,-7.9139,39.6668,26.63,85,100,4.91,TZ,1713929606
537,eenhana,-17.4667,16.3333,16.76,30,9,3.18,NA,1713929606
538,sadovoye,47.7764,44.5089,14.41,59,37,4.36,RU,1713929607
539,shetpe,44.1667,52.1167,18.64,35,0,1.38,KZ,1713929607
540,laguna,38.421,-121.4238,16.99,67,75,4.63,US,1713929351
541,sechura,-5.5569,-80.8222,23.19,76,100,5.67,PE,1713929607
542,velyka oleksandrivka,47.3197,33.3037,10.92,88,100,5.86,UA,1713929607
543,randers,56.4667,10.05,5.0,89,99,3.23,DK,1713929608
544,prince george,53.9166,-122.753,13.69,30,100,3.09,CA,1713929608
545,gillette,44.2911,-105.5022,8.3,42,0,2.24,US,1713929608
546,homer,59.6425,-151.5483,8.94,65,100,3.09,US,1713929608
547,maceio,-9.6658,-35.7353,26.69,89,75,1.54,BR,1713929602
548,sola,-13.8833,167.55,32.37,70,40,0.0,VU,1713929581
549,kulhudhuffushi,6.6221,73.07,29.39,70,28,2.5,MV,1713929609
550,jorpeland,59.0225,6.0408,3.97,71,4,1.73,NO,1713929609
551,minas de marcona,-15.2119,-75.1103,16.83,87,100,4.78,PE,1713929610
552,ocos,14.5094,-92.1933,29.1,72,55,1.54,GT,1713929610
553,mahalapye,-23.1041,26.8142,18.6,33,0,2.55,BW,1713929611
554,isangel,-19.55,169.2667,31.06,74,40,4.12,VU,1713929611
555,tibu,8.639,-72.7358,23.43,99,100,0.5,CO,1713929611
556,brookings,44.3114,-96.7984,9.0,62,0,2.06,US,1713929347
557,sokcho,38.2083,128.5911,10.34,87,100,4.12,KR,1713929612
558,north side,19.35,-81.2,27.04,74,20,2.06,KY,1713929612
559,horishni plavni,49.0097,33.6455,10.51,70,100,5.82,UA,1713929612
560,bodo,67.28,14.405,2.1,80,75,1.54,NO,1713929601
561,richland center,43.3347,-90.3868,11.9,82,20,5.19,US,1713929538
562,micheweni,-4.9667,39.8333,26.35,88,99,5.5,TZ,1713929613
563,cannes,43.55,7.0167,10.05,89,0,2.06,FR,1713929613
